N°,Etapa,Mes,Actividad,Detalle técnico / Base normativa Organica y Comercio Justo,Responsable,Jornales/ha (ref.),Precio jornal USD (ref.),Insumo(s),Cantidad/ha (ref.),Unidad,Herramientas / Equipo,Dato a capturar en Blockchain (trazabilidad)
1,Producción,Enero,Elaboración Plan de Producción Certificada (PPC),"Registro/planificación anual de actividades orgánicas (Norma PROCAFEQ B.4, obligatorio 2 primeros meses del año)",Productor + Técnico Promotor,1,16,Cuaderno del productor / formato PPC,1,unidad,"Cuaderno del productor, GPS/croquis de finca","id_finca, fecha_PPC, lotes_planificados, hectareas_certificadas"
2,Producción,Enero,"Monitoreo fitosanitario (broca, roya, ojo de gallo)",Verificación de nivel de infestación de broca (Hypothenemus hampei); umbral de tolerancia 5%,Productor,"0,5",16,Ninguno (monitoreo visual/trampas),-,-,"Lupa/frasco muestreo, trampas etológicas instaladas","id_lote, %infestacion_broca, plagas_detectadas, accion_tomada"
3,Producción,Enero,Fertilización orgánica sólida (refuerzo llenado de grano),Aplicación de compost/humus elaborado en finca; registro obligatorio en cuaderno del productor,Productor + Jornal,3,16,Compost / humus (elaboración propia),3–5,qq/ha,"Azadón, carretilla, balde dosificador","id_lote, tipo_abono, cantidad_aplicada, fecha_aplicacion, lote_compost_origen"
4,Producción,Febrero,Continuación PPC y diagnóstico agrícola-social-económico,"Actualización de croquis de finca, inventario de fuentes de agua y fauna silvestre (Norma B.2-B.6)",Productor,1,16,Ninguno,-,-,"Cuaderno del productor, cinta métrica/GPS","id_finca, croquis_actualizado (bool), fuentes_agua_registradas, fauna_registrada"
5,Producción,Febrero,Manejo de malezas (limpia manual selectiva),Control cultural dejando cobertura noble/leguminosas; prohibido herbicida (norma orgánica),Jornal contratado,4,16,Ninguno,-,-,"Machete, lampa, azadón","id_lote, fecha_limpia, jornales_utilizados, metodo"
6,Producción,Febrero,Preparación de semillero / vivero (si hay renovación),"Sustrato tierra:arena:compost 1:1:1 desinfectado; siembra en surcos, cubierta 2 cm de arena",Productor,2,16,"Semilla seleccionada, arena de río, compost",según meta plantas,kg/plantas,"Zaranda, regadera, plástico/paja de cobertura","id_vivero, variedad_semilla, origen_planta_madre, fecha_siembra_semillero"
7,Producción,Marzo,Trasplante a vivero / funda (chapolas),A los ~60 días de germinado; selección de chapolas sanas con un solo tallo y raíz recta,Jornal contratado,5,16,"Fundas de vivero, sustrato",según meta plantas,unidades,"Pala pequeña, regadera, malla sombra","id_vivero, N_plantulas_trasplantadas, fecha, % prendimiento"
8,Producción,Marzo,Fertilización orgánica líquida (biol) — llenado de grano,Aplicación foliar/edáfica de biol (estiércol+melaza+leche fermentados),Productor,2,16,Biol (elaboración propia),200–300,L/ha,"Bomba de mochila (calibrada), EPP completo (guantes, botas, overol)","id_lote, tipo_abono=biol, volumen_aplicado, fecha, operario_certificado_EPP"
9,Producción,Marzo,Control de malezas y manejo de coberturas,Mantener cobertura noble; incorporar rastrojos como mantillo,Jornal contratado,4,16,Ninguno,-,-,"Machete, azadón","id_lote, fecha, jornales"
10,Producción,Abril,Manejo de sombra (raleo/regulación previo a época seca),"Ajuste de copa alta de árboles de sombra permanente (Guabo, Porotillo, Cedro) manteniendo ≤40% cobertura",Jornal contratado,3,16,Ninguno,-,-,"Machete, sierra de poda, escalera","id_lote, %sombra_resultante, especies_sombra, fecha_poda_sombra"
11,Producción,Abril,Preparación de infraestructura de beneficio (pre-cosecha),"Revisión/calibración de despulpadora, limpieza de tanques de fermentación y marquesinas/tendales",Productor,2,16,Ninguno,-,-,"Despulpadora manual, tanques, marquesinas","id_finca, equipo_calibrado (bool), fecha_mantenimiento"
12,Producción,Abril,Monitoreo de maduración y trampeo de broca,Instalación/recarga de trampas con atrayente (alcohol metílico + aceite de clavo de olor),Productor,1,16,Atrayente (metanol + aceite de clavo),1 difusor/lote,unidad,Trampas etológicas,"id_lote, N_trampas, fecha_instalacion, capturas_registradas"
13,Producción,Mayo,Mantenimiento de trampas y control biológico de broca,Aplicación de Beauveria bassiana (entomopatógeno nativo),Jornal contratado,2,16,Beauveria bassiana,1–2,kg/ha o L/ha,"Bomba de mochila calibrada, EPP","id_lote, insumo=Beauveria_bassiana, dosis, fecha_aplicacion"
14,Producción,Mayo,Inicio de maduración de frutos (control visual),Verificación de cambio de color (verde a rojo intenso) por lote/altitud,Productor,"0,5",16,Ninguno,-,-,Ninguno,"id_lote, %maduracion_estimada, fecha_estimada_inicio_cosecha"
15,Producción,Septiembre,Podas fitosanitarias y de formación (post-cosecha inmediata),"Eliminación de ramas secas/enfermas, chupones, descope; herramientas desinfectadas con alcohol/cloro",Jornal contratado,6,16,"Alcohol o cloro comercial (desinfección), pasta cúprica/bordelesa",según necesidad,L / kg,"Tijera de podar, serrucho, machete","id_lote, tipo_poda, N_plantas_podadas, herramienta_desinfectada (bool)"
16,Producción,Septiembre,Repela / recolección de frutos remanentes,Recolección de cerezas residuales para cortar ciclo biológico de la broca,Jornal contratado,3,16,Ninguno,-,-,"Sacos, baldes","id_lote, kg_repela_recolectados, fecha"
17,Producción,Octubre,"Poda de recepa (renovación, cafetales >20 años)",Corte en bisel a 30–40 cm; selección de 2–3 brotes/tocón; protección de cortes con pasta cúprica,Jornal contratado,6,16,Pasta cúprica o ceniza,según N° plantas,kg,"Serrucho desinfectado, machete","id_lote, N_plantas_recepadas, fecha, brotes_seleccionados"
18,Producción,Octubre,Regulación de sombra en época seca,Poda de árboles de sombra para ventilación y aprovechamiento de luz,Jornal contratado,3,16,Ninguno,-,-,"Machete, sierra de poda","id_lote, %sombra_resultante, fecha"
19,Producción,Octubre,Elaboración de compost / biol para próxima campaña,"Montículo de compost (aireado, volteado ≥5 veces en 15 días) y preparación de biol",Productor,4,16,"Estiércol vacuno, restos vegetales, melaza, panela, leche",variable,kg / L,"Pala, recipiente hermético con válvula de desfogue","id_lote_abono, tipo=compost/biol, fecha_inicio, fecha_disponible, insumos_usados"
20,Producción,Noviembre,Fertilización orgánica principal (antes de lluvias),Aplicación prioritaria de abonos orgánicos antes del inicio de la temporada de lluvias,Productor + Jornal,4,16,Compost / humus / biol,5–8,qq/ha (sólido) o 300 L/ha (líquido),"Azadón, carretilla, bomba de mochila","id_lote, tipo_abono, cantidad_aplicada, fecha"
21,Producción,Noviembre,Inspección interna anual de finca (SIC PROCAFEQ),Verificación de cumplimiento normativo interno; requisito mínimo 1 vez/año,Técnico Promotor / Comisión Interna de Control,1,16,Ninguno,-,-,Ficha de inspección interna (checklist homologado),"id_finca, fecha_inspeccion, inspector, resultado_SI_NO_NA, no_conformidades"
22,Producción,Noviembre,Manejo de malezas (post-fertilización),Limpia manual selectiva conservando cobertura noble,Jornal contratado,3,16,Ninguno,-,-,"Machete, azadón","id_lote, fecha, jornales"
23,Producción,Diciembre,"Floración (monitoreo, sin intervención directa)",Primeras lluvias inducen floración; verificar uniformidad por lote,Productor,"0,5",16,Ninguno,-,-,Ninguno,"id_lote, fecha_floracion, %uniformidad"
24,Producción,Diciembre,Resiembra de fallas,Reemplazo de plantas muertas con plántulas de vivero propio,Jornal contratado,2,16,"Plántulas de vivero, compost inicial",0.13 lb muriato K + 0.15 lb roca fosfórica/sitio,por sitio,"Barreno/pala, machete","id_lote, N_plantas_resembradas, origen_plantula, fecha"
25,Producción,Diciembre,Cierre de registros anuales,"Actualización de inventario de equipos/insumos, registros de ingresos/egresos y libro de campo",Productor,1,16,Ninguno,-,-,Cuaderno del productor,"id_finca, periodo, registros_completos (bool)"
26,Cosecha,Mayo,Preparación logística de cosecha,"Revisión de sacos, baldes, gavetas; contratación anticipada de jornales para pico de cosecha",Productor,1,16,Sacos de yute limpios,según proyección qq,unidades,"Sacos, baldes, gavetas plásticas","id_finca, N_sacos_disponibles, jornales_contratados_proyectados"
27,Cosecha,Junio,Recolección selectiva (inicio de cosecha),Cosecha manual únicamente de granos maduros (rojo intenso–concho de vino); pedúnculo queda en la rama,Jornal contratado (pago por lata cosechada),4–6 (según rendimiento),2.5–3.5 USD/lata (25 lb cereza),Ninguno,-,-,"Baldes/latas de cosecha, sacos","id_lote, fecha_cosecha, N_jornaleros, kg_cereza_recolectada, %madurez_estimado"
28,Cosecha,Junio,Pasadas de recolección (repaso de cafetal),Pasadas periódicas (cada 8–15 días) para evitar sobremaduración y ataque de broca,Jornal contratado,según N° pasadas,2.5–3.5 USD/lata (25 lb cereza),Ninguno,-,-,Baldes/latas,"id_lote, N_pasada, fecha, kg_recolectados"
29,Cosecha,Julio,Cosecha pico (recolección diaria),Período de máxima producción; traslado inmediato de cereza a beneficiadero (evitar fermentación en sacos al sol),Jornal contratado (pago por lata cosechada),6–8,2.5–3.5 USD/lata (25 lb cereza),Ninguno,-,-,"Baldes/latas, sacos, medio de transporte","id_lote, fecha, kg_cereza_dia, tiempo_transporte_a_beneficio_horas"
30,Cosecha,Agosto,Cosecha pico / continuación,Recolección selectiva continua según curva de maduración del lote,Jornal contratado (pago por lata cosechada),6–8,2.5–3.5 USD/lata (25 lb cereza),Ninguno,-,-,"Baldes/latas, sacos","id_lote, fecha, kg_cereza_dia"
31,Cosecha,Septiembre,Cierre de cosecha principal,Última recolección de cerezas maduras remanentes antes de la repela,Jornal contratado,3–4,2.5–3.5 USD/lata (25 lb cereza),Ninguno,-,-,"Baldes/latas, sacos","id_lote, fecha_cierre_cosecha, kg_total_temporada"
32,Pos-cosecha,Junio,Boyado (clasificación por flotación),"Inmersión de cereza en agua; se descartan flotantes (vanas, brocadas, boyas) y material extraño",Productor / Jornal,1,16,Agua limpia,según volumen cereza,L,Tanque/tina de boyado,"id_lote_beneficio, kg_cereza_boyada, kg_descarte, fecha"
33,Pos-cosecha,Junio,Despulpado (mismo día de cosecha),Separación de pulpa/cáscara mediante despulpadora calibrada; pulpa destinada a compost,Productor,1,16,Ninguno,-,-,Despulpadora manual/motorizada calibrada,"id_lote_beneficio, kg_cereza_entrada, kg_pergamino_humedo_salida, hora_despulpado"
34,Pos-cosecha,Junio,Fermentación,"Reposo del grano despulpado en recipiente plástico o tanque de cemento revestido, 10–12 horas",Productor,"0,2",16,Ninguno,-,-,Tanques/baldes de fermentación,"id_lote_beneficio, hora_inicio_fermentacion, hora_fin, duracion_horas, temperatura_ambiente"
35,Pos-cosecha,Junio,Lavado,Lavado manual inmediato tras fermentación; ~20 L de agua por kg de café; aguas mieles a pozo de decantación,Productor,"0,5",16,Agua limpia,20,L/kg café,"Tanques de lavado, pozo de decantación de aguas mieles","id_lote_beneficio, volumen_agua_usada, destino_aguas_mieles, fecha_lavado"
36,Pos-cosecha,Junio,Secado,Exposición al sol en marquesinas/tendales (nunca sobre suelo/plástico en el piso) hasta 12% humedad,Productor,2,16,Ninguno,-,-,"Marquesinas, tendales, medidor de humedad","id_lote_beneficio, %humedad_inicial, %humedad_final, dias_secado, N_soles"
37,Pos-cosecha,Junio,Almacenamiento en finca,"Ensacado en yute nuevo etiquetado (productor, comunidad, % humedad); acopio sobre pallets, separado por calidad",Productor,"0,5",16,Sacos de yute nuevos,1 saco/125 lb,unidad,"Pallets/tablas de madera, bodega ventilada","id_lote_beneficio, codigo_saco, %humedad, calidad, fecha_ensacado"
38,Pos-cosecha,Julio,Primera entrega de café pergamino a PROCAFEQ,Entrega a la asociación con humedad 12–14%; embalaje 125 lb; etiquetado con código de productor y lote,Productor,1,16,"Etiquetas, cinta masking",-,-,"Balanza, medio de transporte limpio","id_entrega=1, qq_entregados, %humedad, codigo_productor, guia_remision"
39,Pos-cosecha,Agosto,Segunda entrega de café pergamino a PROCAFEQ,Continuación de entregas según cronograma de acopio de la asociación,Productor,1,16,Etiquetas,-,-,"Balanza, transporte","id_entrega=2, qq_entregados, %humedad, guia_remision"
40,Pos-cosecha,Septiembre,Entrega final de café pergamino a PROCAFEQ,Cierre de campaña; mínimo 10 qq/ha en máx. 2 años (margen de error 20% en estimación),Productor,1,16,Etiquetas,-,-,"Balanza, transporte","id_entrega=final, qq_total_temporada, %humedad, guia_remision, cumplimiento_meta_qq_ha"
41,Pos-cosecha,Septiembre,Transporte a planta de procesamiento (FAPECAFES),Aviso previo 24h; recepción L-V 08:00–15:00; vehículo limpio y separado de producto convencional,PROCAFEQ (encargado de comercialización),-,-,Ninguno,-,-,"Guía de remisión y guía de transporte, vehículo dedicado","id_lote_asociacion, fecha_aviso, fecha_entrega_planta, %humedad_recepcion, peso_neto_recepcion"